
CREATE TABLE IF NOT EXISTS NAZIONI(
    IdNazione int PRIMARY KEY,
    nomeNazione char(50) NOT NULL
);

CREATE TABLE IF NOT EXISTS CITTA(
    IdCitta int PRIMARY KEY,
    nomeCitta char(60) NOT NULL,
    IdNazione INT NOT NULL, 
  	FOREIGN KEY (IdNazione) REFERENCES NAZIONI
);

CREATE TABLE IF NOT EXISTS FIERE(
    IdFiera int PRIMARY KEY,
    via char(10),
    numeroCivico int,
    nomeFiera char(20) NOT NULL,
    dataInizioFiera DATETIME NOT NULL,
    dataFineFiera DATETIME NOT NULL,
    IdNazione int,
    IdCitta int,
    FOREIGN KEY (IdNazione) references CITTA,
    FOREIGN KEY (IdCitta) references CITTA
);

CREATE TABLE IF NOT EXISTS VENDITE(
    CodVendita int NOT NULL,
    dataVendita DATETIME NOT NULL,
    codStand int NOT NULL,
    prezzoTotale MONEY NOT NULL,
    PRIMARY KEY (CodVendita, codStand),
    FOREIGN KEY (codStand) REFERENCES STANDS
);

CREATE TABLE IF NOT EXISTS STANDS(
    codStand int PRIMARY KEY,
    nome char(10) NOT NULL,
    IdFiera int NOT NULL,
    CodiceBadge int NOT NULL,
    FOREIGN KEY (IdFiera) REFERENCES FIERE,
    FOREIGN KEY (CodiceBadge) REFERENCES DIPENDENTI
);

CREATE TABLE IF NOT EXISTS CONTENUTI(
    quantitaGiochi int NOT NULL,
    codStand INT NOT NULL,
    codGioco INT NOT NULL,
    PRIMARY KEY(codStand, codGioco),
    FOREIGN KEY (codStand) REFERENCES STAND,
    FOREIGN KEY (codGioco) REFERENCES GIOCHI_DA_TAVOLO
);

CREATE TABLE IF NOT EXISTS IMMAGAZZINATI(
    quantitaMateriale int NOT NULL,
    codStand INT NOT NULL,
    codMateriale INT NOT NULL,
    PRIMARY KEY (codStand, codMateriale),
    FOREIGN KEY (codStand) REFERENCES STAND,
    FOREIGN KEY (codMateriale) REFERENCES MATERIALI_DA_GIOCO
);

CREATE TABLE IF NOT EXISTS GIOCHI_DA_TAVOLO(
    codGioco int PRIMARY KEY,
    nomeGioco char(30) NOT NULL,
    descrizione char(200) NOT NULL,
    regolamento char(300) NOT NULL,
    tipo char(15) NOT NULL
);

CREATE TABLE IF NOT EXISTS FORMATI(
    dataInizio DATETIME NOT NULL,
    dataFine DATETIME NOT NULL,
    codGioco int NOT NULL,
    PRIMARY KEY (dataInizio, dataFine),
    FOREIGN KEY (codGioco) REFERENCES GIOCHI_DA_TAVOLO
);

CREATE TABLE IF NOT EXISTS SITUATI(
    codGioco INT NOT NULL,
    codTerreno INT NOT NULL,
    PRIMARY KEY (codGioco, codTerreno),
    FOREIGN KEY (codGioco) REFERENCES GIOCHI_DA_TAVOLO,
    FOREIGN KEY (codTerreno) REFERENCES TERRENO
);

CREATE TABLE IF NOT EXISTS TERRENI(
    codTerreno int PRIMARY KEY,
    descrizione char(30)
);

CREATE TABLE IF NOT EXISTS TORNEI(
    IdTorneo int PRIMARY KEY,
    dataTorneo DATETIME NOT NULL,
    nomeTorneo char(20) NOT NULL,
    numeroSpettatori int NOT NULL,
    numeroPartecipanti int NOT NULL CHECK(numeroPartecipanti >= 2),
    codGioco int NOT NULL,
    IdFiera int NOT NULL,
    FOREIGN KEY (codGioco) REFERENCES GIOCHI_DA_TAVOLO,
    FOREIGN KEY (IdFiera) REFERENCES FIERA
);

CREATE TABLE IF NOT EXISTS VEN_GIOCHI(
    codGioco int NOT NULL,
    codStand int NOT NULL,
    codVendita int NOT NULL,
    quantitaGiochiSelezionati int NOT NULL,
    PRIMARY KEY (codGioco, codStand, codVendita),
    FOREIGN KEY (codGioco) REFERENCES GIOCHI_DA_TAVOLO,
    FOREIGN KEY (codStand) REFERENCES STANDS,
    FOREIGN KEY (codVendita) REFERENCES VENDITE
);

CREATE TABLE IF NOT EXISTS VEN_MATERIALI(
    codMateriale int NOT NULL,
    codStand int NOT NULL,
    codVendita int NOT NULL,
    quantitaMaterialiSelezionati int NOT NULL,
    PRIMARY KEY (codMateriale, codStand, codVendita),
    FOREIGN KEY (codMateriale) REFERENCES GIOCHI_DA_TAVOLO,
    FOREIGN KEY (codStand) REFERENCES STANDS,
    FOREIGN KEY (codVendita) REFERENCES VENDITE
);

CREATE TABLE IF NOT EXISTS SORVEGLIANO(
    turnoDiLavoro DATETIME PRIMARY KEY,
    IdFiera int NOT NULL,
    CodiceBadge int NOT NULL,
    FOREIGN KEY (IdFiera) REFERENCES FIERA,
    FOREIGN KEY (CodiceBadge) REFERENCES DIEPENDENTI
);

CREATE TABLE IF NOT EXISTS DIPENDENTI(
    CodiceBadge int PRIMARY KEY,
    nome char(30) NOT NULL,
    cognome char(30) NOT NULL,
    dataDiNascita DATETIME NOT NULL,
    ruolo char(10) NOT NULL
);

CREATE TABLE IF NOT EXISTS PARTECIPANTI(
    codPartecipante int PRIMARY KEY,
    nome char(30) NOT NULL,
    cognome char(30) NOT NULL,
    dataDiNascita DATETIME NOT NULL,
    IdFiera int NOT NULL,
    CodiceBadge int NOT NULL,
    FOREIGN KEY (IdFiera) REFERENCES FIERA,
    FOREIGN KEY (CodiceBadge) REFERENCES DIPENDENTI
);

CREATE TABLE IF NOT EXISTS PADIGLIONI(
    codPadiglione int PRIMARY KEY,
    tipologia char(8),
    nomePadiglione char(20) NOT NULL,
    capienzaMassima int NOT NULL CHECK(capienzaMassima >= 1),
    numeroTavoli int NOT NULL CHECK(numeroTavoli >=1),
    IdFiera int NOT NULL,
    FOREIGN KEY (IdFiera) REFERENCES FIERA
);

CREATE TABLE IF NOT EXISTS PARTITE_NON_UFFICIALI(
    numeroPartite int NOT NULL,
    codGioco INT NOT NULL,
    codPadiglione INT NOT NULL,
    PRIMARY KEY (codGioco, codPadiglione),
    FOREIGN KEY (codGioco) REFERENCES GIOCHI_DA_TAVOLO,
    FOREIGN KEY (codPadiglione) REFERENCES PADIGLIONI
);

CREATE TABLE IF NOT EXISTS PARTITE_UFFICIALI(
    IdMatch int PRIMARY KEY,
    dataPartita DATETIME NOT NULL,
    IdGiudice int NOT NULL,
    codPadiglione int NOT NULL,
    IdTorneo int NOT NULL,
    FOREIGN KEY (IdGiudice) REFERENCES DIPENDENTI(CodiceBadge),
    FOREIGN KEY (CodPadiglione) REFERENCES PADIGLIONI,
    FOREIGN KEY (IdTorneo) REFERENCES TORNEI
);

CREATE TABLE IF NOT EXISTS BATTAGLIE(
    numeroMatch INT NOT NULL,
    codConcorrente INT NOT NULL,
    punteggio INT NOT NULL CHECK(punteggio>=0),
    esito char(10) NOT NULL,
    PRIMARY KEY (numeroMatch, codConcorrente),
    FOREIGN KEY (numeroMatch) REFERENCES TORNEI,
    FOREIGN KEY (codConcorrente) REFERENCES CONCORRENTI
);

CREATE TABLE IF NOT EXISTS CONCORRENTI(
    codConcorrente int PRIMARY KEY,
    nome char(50) NOT NULL,
    cognome char(50) NOT NULL,
    dataDiNascita DATETIME NOT NULL,
    punteggio int
);

CREATE TABLE IF NOT EXISTS POSSIEDONO(
    codMateriale INT NOT NULL,
    codConcorrente INT NOT NULL,
    PRIMARY KEY (codMateriale, codConcorrente),
    FOREIGN KEY (codMateriale) REFERENCES MATERIALI_DA_GIOCO,
    FOREIGN KEY (codConcorrente) REFERENCES CONCORRENTI
);

CREATE TABLE IF NOT EXISTS COMPOSTI(
    codMazzo INT NOT NULL,
    codCarta INT NOT NULL,
    PRIMARY KEY (codMazzo, codCarta),
    FOREIGN KEY (codMazzo) REFERENCES MAZZI(codMazzo),
    FOREIGN KEY (codCarta) REFERENCES CARTE(codCarta)
);

CREATE TABLE IF NOT EXISTS SET_CARTE_BANDITE(
    dataInizio DATETIME NOT NULL,
    dataFine DATETIME NOT NULL,
    codCarta INT NOT NULL,
    PRIMARY KEY (dataInizio, dataFine, codCarta)
    FOREIGN KEY (dataInizio) REFERENCES FORMATI,
    FOREIGN KEY (dataFine) REFERENCES FORMATI,
    FOREIGN KEY (codCarta) REFERENCES CARTE
);

CREATE TABLE IF NOT EXISTS CARTE(
    codCarta int PRIMARY KEY,
    nome char(50) NOT NULL,
    tipo char(100) NOT NULL,
    descrizione char(10) NOT NULL CHECK(descrizione = 'Mostro' OR descrizione = 'Magia' OR descrizione = 'Trappola'),
    costoMana int,
    attributo char(10),
    attacco int,
    difesa int,
    effetto char(20) NOT NULL
);

CREATE TABLE IF NOT EXISTS MAZZI(
    codMazzo int PRIMARY KEY,
    colore_clan char(20) NOT NULL,
    dimensioni int NOT NULL CHECK(dimensioni >= 0)
);

CREATE TABLE IF NOT EXISTS DADI(
    codDado int PRIMARY KEY,
    numFacce int NOT NULL CHECK(numfacce >= 4),
    colore char(20) NOT NULL,
    tipoCarattere char(50) NOT NULL
);

CREATE TABLE IF NOT EXISTS PEDINE(
    codPedina int PRIMARY KEY,
    colore char(20) NOT NULL,
    materiale char(50) NOT NULL
);

CREATE TABLE IF NOT EXISTS MATERIALI_DA_GIOCO(
  codMateriale int NOT NULL,
  codDado int, 
  codMazzo INT, 
  codPedina int,
  primary key (codMateriale) --,
--    CHECK(EXISTS( (SELECT * FROM DADI WHERE codDado IS NOT NULL AND DADI.codDado=codMateriale) OR 
--               (select * from PEDINE where codPedina IS NOT NULL AND PEDINE.codPedina=codMateriale) OR 
--               (select * from MAZZI where codMazzo IS NOT NULL AND MAZZI.codMazzo=codMateriale))
,
    foreign key (codDado) references DADI,
    foreign key (codPedina) references PEDINE,
    foreign key (codMazzo) references MAZZI);

    INSERT INTO BATTAGLIE (numeroMatch,codConcorrente,punteggio,esito) VALUES (1,24,23,"vittoria"),
(2,12,24,"vittoria"),
(3,10,26,"vittoria"),
(4,17,10,"vittoria"),
(5,28,12,"vittoria"),
(6,26,13,"vittoria"),
(7,30,15,"vittoria"),
(8,34,27,"vittoria"),
(9,13,17,"vittoria"),
(9,30,18,"vittoria"),
(11,33,20,"vittoria"),
(12,3,30,"vittoria"),
(3,12,19,"vittoria"),
(4,4,17,"vittoria"),
(5,33,16,"vittoria"),
(7,16,25,"vittoria"),
(8,13,16,"vittoria"),
(9,12,28,"vittoria"),
(10,33,28,"vittoria"),
(2,22,29,"vittoria"),
(3,37,21,"vittoria"),
(4,22,24,"sconfitta"),
(6,8,17,"sconfitta"),
(8,36,17,"sconfitta"),
(9,26,27,"sconfitta"),
(9,3,17,"sconfitta"),
(8,19,19,"sconfitta"),
(7,34,14,"sconfitta"),
(6,22,11,"sconfitta"),
(5,20,28,"sconfitta"),
(4,20,29,"sconfitta"),
(3,25,29,"sconfitta"),
(2,36,14,"sconfitta"),
(1,36,18,"sconfitta"),
(2,27,21,"sconfitta"),
(4,21,27,"sconfitta"),
(11,31,22,"sconfitta"),
(12,15,27,"sconfitta"),
(13,9,13,"sconfitta"),
(13,26,20,"sconfitta"),
(13,23,27,"sconfitta"),
(13,7,24,"sconfitta"),
(13,27,15,"sconfitta"),
(14,34,13,"sconfitta"),
(14,5,20,"sconfitta"),
(14,15,19,"sconfitta"),
(1,17,21,"sconfitta"),
(14,39,27,"sconfitta"),
(5,38,28,"sconfitta"),
(15,25,28,"sconfitta"),
(15,17,13,"sconfitta"),
(15,4,22,"sconfitta"),
(15,6,19,"sconfitta"),
(5,32,22,"sconfitta"),
(15,22,20,"sconfitta"),
(16,34,13,"sconfitta"),
(16,19,16,"sconfitta"),
(14,17,12,"sconfitta"),
(16,16,28,"sconfitta"),
(16,1,14,"sconfitta"),
(16,33,20,"sconfitta"),
(11,21,19,"sconfitta"),
(7,22,27,"sconfitta"),
(1,30,12,"sconfitta"),
(1,13,13,"sconfitta"),
(11,24,16,"vittoria"),
(11,37,21,"vittoria"),
(1,16,30,"vittoria"),
(9,31,25,"vittoria"),
(14,1,29,"vittoria"),
(12,25,18,"vittoria"),
(3,27,24,"vittoria"),
(6,20,27,"vittoria"),
(5,6,17,"vittoria"),
(7,14,15,"vittoria"),
(6,6,18,"vittoria"),
(9,27,11,"vittoria"),
(12,6,20,"vittoria"),
(15,11,26,"vittoria"),
(11,3,19,"vittoria"),
(4,9,25,"vittoria"),
(9,10,27,"vittoria"),
(10,36,27,"vittoria"),
(9,32,16,"vittoria"),
(6,21,11,"vittoria"),
(9,20,27,"vittoria"),
(16,15,22,"vittoria"),
(7,32,29,"vittoria"),
(5,30,29,"vittoria"),
(6,35,22,"vittoria"),
(11,8,25,"vittoria"),
(3,26,12,"vittoria"),
(12,8,29,"vittoria"),
(8,16,12,"vittoria"),
(8,21,29,"vittoria"),
(13,39,26,"vittoria"),
(10,22,30,"vittoria"),
(4,32,12,"vittoria"),
(13,29,15,"vittoria"),
(16,22,11,"vittoria");

INSERT INTO CARTE (codCarta, nome, tipo, descrizione, costoMana, attributo, attacco, difesa, effetto) VALUES (0, "Mostro delle paludi","bestia","Mostro",null,"Acqua",1500,1000,"Quando evocato guadagna 500 ATK"),
(1, "Drago bianco occhi blu","drago","Mostro",null,"Luce",3000,2500,"Una volta per turno distruggi un Mostro"),
(2, "Signore del fuoco","guerriero","Mostro",null,"Fuoco",2200,2000,"Una volta per turno raddoppia l'attacco di questa carta"),
(4, "Jinzo","macchina","Mostro",null,"Oscurità",2500,1000,"Le carte trappola non possono essere attivate"),
(5, "Levia-dragon deadelus","leviatano","Mostro",null,"Acqua",3500,3500,"Quando evocato distruggi tutte le altre carte sul terreno"),
(6, "Strike ninja","guerriero","Mostro",null,"Oscurità",1500,2000,"Quando evocato guadagna 500 DEF"),
(7, "Takuhee","Mostro volante","Mostro",null,"Vento",1800,1050,"Una volta per turno cambia la posizione di un Mostro"),
(8, "Garuda the wind spirit","Mostro volante","Mostro",null,"Vento",1500,1000,"Quando evocato guadagna 1000 ATK"),
(9, "Cyber dragon","Macchina","Mostro",null,"Luce",2100,1000,"Se non controlli mostri evoca specialmente questa carta dalla tua mano"),
(10, "GreatFly","Insetto","Mostro",null,"Terra",1500,3000,"Quando evocato guadagna 500 ATK"),
(11, "Giara dell'avidità","normale","Magia",500,null,null,null,"Pesca due carte"),
(12, "Lancia del destino","rapida","Magia",200,null,null,null,"Riduci l'attacco e difesa di un Mostro a 0"),
(13, "Scudo di pietra","rapida","Magia",100,null,null,null,"Un Mostro guadagna 1000 DEF fino alla fine del turno"),
(14, "Excalibur","equipaggiamento","Magia",100,null,null,null,"Un Mostro guadagna 1000 ATK"),
(15, "Siero paralizzante","continua","Magia",100,null,null,null,"Tutti i mostri del tuo avversario perdono 500 ATK"),
(16, "Mostro resuscitato","normale","Magia",500,null,null,null,"Evoca specialmente un Mostro dal tuo cimitero"),
(17, "Tifone spaziale mistico","rapida","Magia",300,null,null,null,"Distruggi una carta Magia/trappola sul terreno"),
(18, "Messagero di pace","continua","Magia",1000,null,null,null,"I mostri con più di 2000 ATK non possono attaccare"),
(19, "Spada e scudo","normale","Magia",300,null,null,null,"Scambia l'ATK e la DEF di tutti i mostri sul terreno"),
(20, "Ricca miniera","terreno","Magia",1000,null,null,null,"Una volta per turno il giocatore può pagare 1000 LP per pescare una carta"),
(21, "Giara della ricchezza","normale","Trappola",1000,null,null,null,"Pesca 5 carte"),
(22, "Forza riflessa","normale","Trappola",1000,null,null,null,"Distruggi tutti i mostri del tuo avversario"),
(23, "Giudizio solenne","Contro Trappola","Trappola",1000,null,null,null,"Quando il tuo avversario attiva l'effetto di una carta, negane e distruggila"),
(24, "Virus pandemico eradicatore","normale","Trappola",1000,null,null,null,"Distruggi tutti i mostri con più di 1500 ATK nel terreno e mano del tuo avversario"),
(25, "Imperial order","continua","Trappola",1000,null,null,null,"Le carte Magia non possono essere attivate"),
(26, "Destruction potion","normale","Trappola",500,null,null,null,"Distruggi un Mostro e guadagna LP pari al suo ATK"),
(27, "Time seal","normale","Trappola",1000,null,null,null,"Salta la prossima fase di pesca del tuo avversario"),
(28, "Avalon","Trappola","Trappola",500,null,null,null,"Quando un tuo Mostro viene distrutto pesca una carta"),
(29, "Cerchio incantatore","continua","Trappola",100,null,null,null,"Un Mostro del tuo avversario non può attaccare"),
(30, "Energia cresente","normale","Trappola",500,null,null,null,"Raddoppia l'attacco di un tuo Mostro");

INSERT INTO CITTA (IdCitta, nomeCitta, idNazione) VALUES (0, "Canberra",1),
(1, "Sydney",1),
(2, "Algeri",2),
(3, "Costantina",2),
(4, "Buenos Aires",3),
(5, "La plata",3),
(6, "Anversa",4),
(7, "Gent",4),
(8, "Toronto",5),
(9, "Montrèal",5),
(10, "Luxor",6),
(11, "Il Cairo",6),
(12, "Berlino",7),
(13, "Monaco",7),
(14, "Tokyo",8),
(15, "Yokohama",8),
(16, "Roma",9),
(17, "Milano",9),
(18, "Mosca",10),
(19, "Vladivostok",10);

INSERT INTO COMPOSTI (codMazzo,codCarta) VALUES (1,29),
(3,12), 
(5,18), 
(1,14), 
(2,21), 
(2,18), 
(4,1), 
(1,16),
(1,15), 
(2,26), 
(4,5), 
(3,27), 
(2,22), 
(5,15), 
(4,30), 
(2,12), 
(3,7), 
(3,22),
(2,28), 
(2,29),
(4,21), 
(1,3), 
(5,19), 
(4,18),
(3,18), 
(3,20),
(5,26), 
(1,26), 
(3,21), 
(5,10), 
(1,25), 
(5,8), 
(5,4), 
(5,16), 
(2,5), 
(4,27), 
(1,1),
(5,11), 
(2,17), 
(4,11), 
(4,10), 
(5,29);

INSERT INTO CONCORRENTI (codConcorrente, nome,cognome,dataDiNascita) VALUES (0, "Sonia","Acosta","01/07/2010"),
(1, "Zephania","Franklin","24/03/1987"), 
(2, "Ulla","Beard","24/01/1999"), 
(3, "Steven","Hoffman","01/09/2009"), 
(4, "Drew","Chandler","14/02/2011"), 
(5, "Minerva","Kim","03/03/2006"), 
(6, "Chiquita","Conner","03/02/2004"), 
(7, "Jaden","Steele","05/09/1992"), 
(8, "Cheryl","Wheeler","22/09/2020"), 
(9, "Hedda","Larson","26/04/1990"), 
(10, "Carolyn","Pena","24/09/2016"), 
(11, "Meghan","Potts","27/01/2004"), 
(12, "Lester","Santos","08/02/1990"), 
(13, "Constance","Park","11/02/2019"), 
(14, "Ariel","Adams","10/11/1999"), 
(15, "Magee","Kent","22/07/2014"), 
(16, "Claudia","Stark","24/08/1996"), 
(17, "Burke","Griffith","30/10/2002"), 
(18, "Jescie","Gill","01/02/1995"), 
(19, "Anjolie","Riley","28/01/2017"), 
(20, "Armando","Hunt","19/08/1983"), 
(21, "Brenna","Kane","19/07/1985"), 
(22, "Declan","Wright","15/11/1993"), 
(23, "Ursula","Schmidt","15/06/2021"), 
(24, "Eric","Hale","27/11/1990"), 
(25, "Alfonso","Mccray","02/02/2003"), 
(26, "Yolanda","Odom","23/10/2007"), 
(27, "Brett","Harrington","09/04/1990"), 
(28, "Byron","Lyons","14/04/2018"), 
(29, "Leonard","Conley","05/03/1996"), 
(30, "Astra","Hodges","02/12/2010"), 
(31, "Benedict","Jarvis","16/02/1987"), 
(32, "Carly","Solomon","20/01/1991"), 
(33, "Brendan","Mcdowell","09/03/2007"), 
(34, "Jared","Donaldson","16/06/2016"), 
(35, "Wilma","Obrien","01/11/1990"), 
(36, "Phillip","Little","11/11/2019"), 
(37, "Baxter","Oliver","23/12/1984"), 
(38, "Lamar","Franco","07/08/2015"), 
(39, "Basil","Rush","06/02/1994");

INSERT INTO CONTENUTI (codStand, quantitaGiochi, codGioco) VALUES (1,100,1),
(1,90,2),
(2,89,3),
(2,98,2),
(3,78,1),
(3,90,3),
(4,120,2),
(4,178,3),
(5,90,3),
(5,98,2),
(6,89,3),
(6,80,1),
(7,108,3),
(7,198,2),
(8,96,3),
(8,79,2),
(9,98,1),
(9,97,3),
(10,92,2),
(10,92,1),
(11,102,2),
(11,100,3),
(12,97,2),
(12,99,3),
(13,100,1);

INSERT INTO DADI (codDado, numfacce, colore, tipoCarattere) VALUES (0, 6,"rosso","numeri"), 
(1, 6,"verde","numeri"), 
(2, 20,"blu","lettere");

INSERT INTO DIPENDENTI (CodiceBadge, nome,cognome, dataDiNascita, ruolo) VALUES (0, "Tamekah","Sharpe","28/07/1974","Judge"),
(1, "Gage","Moody","06/03/2005","Judge"), 
(2, "Ila","Shelton","06/05/1975","Judge"), 
(3, "Carter","Guy","28/08/1988","Judge"), 
(4, "Cade","Rosario","08/10/1972","Judge"), 
(5, "Eleanor","Morgan","17/04/1993","Negoziante"), 
(6, "Jared","Workman","18/12/1986","Negoziante"), 
(7, "Kirsten","Clayton","08/11/1964","Negoziante"), 
(8, "Clare","Ratliff","15/10/1974","Negoziante"), 
(9, "Pamela","Howard","30/06/2010","Negoziante"), 
(10, "Quinlan","Chang","05/01/2000","Addetto alla reception"), 
(11, "Ezekiel","Flores","08/01/1986","Addetto alla reception"), 
(12, "Chaney","Thompson","13/05/2022","Addetto alla reception"), 
(13, "Jameson","Perez","29/12/2004","Addetto alla reception"), 
(14, "Chastity","Rutledge","10/04/1961","Addetto alla reception"), 
(15, "Aspen","Oneill","22/04/2002","Addetto alla sicurezza"), 
(16, "Sarah","Holcomb","25/05/2005","Addetto alla sicurezza"), 
(17, "Sage","Kent","19/03/1997","Addetto alla sicurezza"), 
(18, "Nash","Rodgers","07/10/1967","Addetto alla sicurezza"), 
(19, "Dante","Obrien","07/02/2017","Addetto alla sicurezza");

INSERT INTO FIERE (IdFiera, via, numeroCivico,IDcitta, IDnazione,nomeFiera,dataInizioFiera,dataFineFiera) VALUES 
(0, "Linnaeus Way",101,1,1,"GHFair","1/12/1990","1/2/1991"),
(1, "Klein Laarstraat",34,7,4,"FBGames","3/12/2001","5/2/2002"),
(2, "Am juliusturm",56,13,7,"GameFairT","6/4/1997","10/5/1997"),
(3, "Meiji Dori",78,15,8,"TableFairG","1/5/1998","9/6/1998"),
(4, "Takeshita-dori",89,15,8,"FairGamesT","13/12/2018","22/2/2019"),
(5, "Hyakudan Street",94,16,8,"FTG","4/2/2002","19/3/2002"),
(6, "Via di Boccea",20,17,9,"Fiera&Giochi","17/12/2020","28/2/2021"),
(7, "Via Antonio Magarotto",22,17,9,"FGiochiDaT","17/7/2006","19/8/2006");

INSERT INTO GIOCHI_DA_TAVOLO (codGioco, nomeGioco, descrizione, regolamento, tipo) VALUES 
(0, "YU-GI-OH","Gioco con duelli di carte","In fase di lavorazione","carte"),
(1, "Dungeon&Dragons","Gioco misto con carte e una tavola di gioco","In fase di lavorazione","misto"),
(2, "Gioco dell'oca","Gioco che usa una tavola da gioco","In fase di lavorazione","percorso");

INSERT INTO IMMAGAZZINATI (codStand, quantitaMateriale, codMateriale) VALUES (1,89,6),
(1,90,7),
(2,90,8),
(2,98,9),
(3,87,4),
(3,87,3),
(4,100,6),
(4,100,10),
(5,78,9),
(5,89,8),
(6,95,6),
(6,96,5),
(7,94,4),
(7,95,1),
(8,93,2),
(8,93,3),
(9,83,2),
(9,87,1),
(10,88,9),
(10,102,8),
(11,109,7),
(11,89,6),
(12,94,5),
(12,89,4),
(13,92,3),
(13,91,10);

INSERT INTO MATERIALI_DA_GIOCO (codMateriale, codDado, codPedina, codMazzo) VALUES (1,1,null,null),
(2,2,null,null), 
(3,3,null,null), 
(4,null,1,null), 
(5,null,2,null), 
(6,null,3,null), 
(7,null,null,1),
(8,null,null,2), 
(9,null,null,3), 
(10,null,null,4), 
(11,null,null,5);

INSERT INTO MAZZI (codMazzo, colore_clan, dimensioni)  VALUES (0, "rosso",30), 
(1, "verde",30), 
(2, "giallo",30), 
(3, "blu",30), 
(4, "viola",30);

INSERT INTO NAZIONI (IdNazione, nomeNazione) VALUES (0, "Australia"), 
(1, "Algeria"), 
(2, "Argentina"), 
(3, "Belgio"), 
(4, "Canada"), 
(5, "Egitto"), 
(6, "Germania"), 
(7, "Giappone"), 
(8, "Italia"), 
(9, "Russia");


INSERT INTO PADIGLIONI(codPadiglione, IdFiera,tipologia,nomePadiglione,capienzaMassima,numeroTavoli) VALUES (0, 2,"privato,","Phasellus",236,13),
(1, 4,"privato","dictum",256,10),
(2, 6,"privato,","libero",147,18),
(3, 5,"privato.","sit",266,16),
(4, 5,"privato","est",222,18),
(5, 8,"privato","Aliquam",233,16),
(6, 1,"privato","gravida",228,15),
(7, 5,"privato","vehicula.",275,15),
(8, 8,"privato","Curabitur",213,13),
(9, 5,"privato","luctus",112,15),
(10, 2,"privato.","sem",282,14),
(11, 1,"pubblico","consequat",165,13),
(12, 7,"pubblico","ullamcorper",206,15),
(13, 3,"pubblico","eget",160,20),
(14, 6,"pubblico","Lorem",135,12),
(15, 5,"pubblico","sapien.",257,13),
(16, 7,"pubblico","lobortis,",175,18),
(18, 2,"pubblico","enim.",296,15),
(19, 2,"pubblico","pharetra",192,18),
(20, 7,"pubblico","enim",277,14),
(21, 4,"pubblico,","libero",167,13),
(22, 7,"pubblico","metus",226,17),
(23, 1,"pubblico","elit",215,10),
(24, 1,"pubblico","placerat",219,15),
(25, 8,"pubblico","tellus",180,18),
(26, 5,"pubblico","pharetra",149,13),
(27, 1,"pubblico","semper",183,16),
(28, 1,"pubblico","semper,",241,10),
(29, 6,"pubblico","Sed",199,18),
(30, 2,"pubblico","nibh",279,20);

INSERT INTO PARTECIPANTI (codPartecipante, IdFiera,nome,cognome,dataDiNascita,CodiceBadge) VALUES 
(0, 7,"Megan","Day","06/03/1986",11),
(1, 7,"Perry","Bradford","27/01/1978",14),
(2, 2,"Zenia","Reid","24/01/1978",14),
(3, 2,"Grady","Nixon","02/06/2019",14),
(4, 4,"Vernon","Hunt","12/10/2020",11),
(5, 1,"Vielka","Montgomery","22/01/1967",14),
(6, 2,"Yen","Avila","23/09/1990",14),
(7, 6,"Skyler","Castaneda","25/12/1980",11),
(8, 3,"Dominique","Campbell","11/04/1976",15),
(9, 5,"Carter","Schmidt","07/10/1988",15),
(10, 5,"Ginger","Ramirez","14/04/2002",11),
(11, 7,"Stuart","Barker","21/09/1975",15),
(12, 8,"Todd","Elliott","20/05/2011",12),
(13, 1,"Chava","Tucker","11/02/1993",14),
(14, 7,"Hu","Mendoza","05/12/2010",13),
(15, 1,"Evan","Briggs","20/03/1992",14),
(16, 7,"Priscilla","Talley","27/06/2008",12),
(17, 3,"Willow","Duncan","17/05/2002",15),
(18, 5,"Cheyenne","Rios","24/11/1983",13),
(19, 1,"Arden","Hunt","01/02/1980",15),
(20, 4,"Ulysses","Rowe","20/04/2004",15),
(21, 5,"Yeo","Carr","20/12/1997",13),
(22, 7,"Cynthia","Rocha","16/02/1967",14),
(23, 7,"Yen","Moran","06/01/1977",15),
(24, 7,"Alec","Frazier","27/07/1966",14),
(25, 6,"Rebekah","Walsh","21/07/2020",12),
(26, 1,"Meghan","Walter","17/08/2016",15),
(27, 6,"Axel","Tillman","05/07/1975",15),
(28, 4,"Hamish","Baldwin","11/02/1975",11),
(29, 3,"Lila","Castillo","14/11/1997",14),
(30, 4,"Rigel","Duffy","11/01/1970",15),
(31, 2,"Mariam","Dunn","13/10/2011",15),
(32, 5,"Ali","Harper","20/04/2021",12),
(33, 6,"Callum","Abbott","03/05/1977",12),
(34, 4,"Leah","Mccoy","26/03/2013",14),
(35, 3,"Athena","Patrick","05/07/1981",12),
(36, 8,"Carson","Oneal","31/12/1984",12),
(37, 8,"Carly","Beach","25/07/2010",15),
(38, 1,"Kerry","Mays","14/04/1977",11),
(39, 8,"Byron","Bauer","23/07/2022",11),
(40, 2,"Brynne","Kelly","17/03/1977",15),
(41, 4,"Armando","Potter","11/12/1998",14),
(42, 5,"Alika","Anderson","19/04/2016",12),
(43, 2,"Fleur","Gates","18/01/1997",11),
(44, 8,"Samson","Cardenas","27/04/1997",12),
(45, 5,"Zenia","Moody","29/06/2014",11),
(46, 7,"Nyssa","Thomas","29/03/1998",15),
(47, 7,"Nasim","Clements","17/12/1993",15),
(48, 8,"Stewart","Atkinson","29/04/2013",13),
(49, 3,"Boris","Bradford","31/12/1990",12),
(50, 8,"Flavia","Mcintyre","12/09/1987",13),
(51, 7,"Inez","Morin","07/05/2021",11),
(52, 8,"Benedict","Lawson","13/02/1989",14),
(53, 7,"Addison","Gallegos","04/09/2011",14),
(54, 3,"Kibo","Obrien","10/11/1998",14),
(55, 3,"Fletcher","Thomas","17/04/1984",11),
(56, 1,"Martena","Newman","27/08/1968",12),
(57, 3,"Leo","Chapman","30/08/1998",12),
(58, 1,"Ralph","Britt","21/08/2017",11),
(59, 4,"Joshua","Palmer","07/08/1964",13),
(60, 5,"Patricia","Swanson","02/11/1990",15),
(61, 4,"Frances","Franklin","20/02/1994",14),
(62, 2,"Selma","Zamora","13/05/1965",11),
(63, 6,"Casey","Maynard","29/05/1984",15),
(64, 1,"Aimee","Bowman","11/03/2011",11),
(65, 1,"Berk","Bradley","18/02/1978",15),
(66, 5,"Anne","Newman","22/01/1989",11),
(67, 8,"Josiah","Banks","09/01/1976",15),
(68, 1,"Nathaniel","Goodwin","17/07/1984",13),
(69, 6,"Jolene","Strong","25/12/1965",14),
(70, 7,"Zia","Gallegos","18/08/2022",15),
(71, 3,"Yeo","Keith","10/07/1977",13),
(72, 2,"Igor","Knight","15/04/1964",11),
(73, 4,"Jacob","Randolph","12/01/1987",15),
(74, 4,"Quincy","Russell","24/02/1977",12),
(75, 8,"Ifeoma","Ryan","24/11/2008",12),
(76, 2,"Aristotle","Perry","18/06/1979",11),
(77, 4,"Chloe","Pratt","14/10/1974",12),
(78, 5,"Brody","Morin","16/10/2016",11),
(79, 7,"Hilel","Cooper","02/10/1977",11),
(80, 6,"Coby","Arnold","21/07/1997",12),
(81, 1,"Deacon","Tucker","26/12/2018",15),
(82, 1,"Quinn","Skinner","10/02/1979",13),
(83, 4,"Robin","Daniels","19/05/1961",15),
(84, 4,"Kane","Goodwin","26/08/2004",11),
(85, 7,"Jamalia","Faulkner","02/08/1971",11),
(86, 4,"Pearl","Peck","05/10/1996",15),
(87, 6,"Quyn","Morin","26/04/2017",13),
(88, 1,"Drake","Garza","24/01/2013",11),
(89, 5,"Trevor","Ford","14/05/1977",11),
(90, 3,"Joy","Moody","14/08/1999",15),
(91, 5,"Donna","Espinoza","06/11/2004",11),
(92, 4,"Alvin","Frye","11/03/1994",13),
(93, 4,"Dorothy","Curry","24/01/1973",15),
(94, 6,"Calista","Hicks","06/11/1987",11),
(95, 4,"Olivia","English","16/12/1989",12),
(96, 3,"Lev","Johns","15/09/2012",13),
(97, 2,"Devin","Wood","28/03/1988",15),
(98, 1,"Zephania","Rich","13/04/2001",13);

INSERT INTO PARTITE_UFFICIALI (IdMatch, dataPartita,IdGiudice,CodPadiglione,IdTorneo) VALUES (0, "10/12/1990",3,10,1),
(1, "10/12/1990",5,9,1),
(2, "10/12/1990",3,12,1),
(3, "10/12/1990",5,5,1),
(4, "10/12/1990",3,10,1),
(5, "10/12/1990",5,4,1),
(6, "10/12/1990",3,6,1),
(7, "10/12/1990",5,7,1),
(8, "10/12/1990",3,11,1),
(9, "10/12/1990",5,1,1),
(10, "10/12/1990",3,1,1),
(11, "10/12/1990",5,8,1),
(12, "19/12/1990",1,4,2),
(13, "19/12/1990",5,11,2),
(14, "19/12/1990",3,4,2),
(15, "19/12/1990",4,9,2),
(16, "19/12/1990",1,1,2),
(17, "19/12/1990",3,8,2),
(18, "19/12/1990",1,3,2),
(19, "19/12/1990",5,1,2),
(20, "19/12/1990",3,6,2),
(21, "19/12/1990",4,7,2),
(22, "19/12/1990",1,2,2),
(23, "19/12/1990",3,9,2),
(24, "6/12/2001",2,3,3),
(25, "6/12/2001",5,4,3),
(26, "6/12/2001",5,6,3),
(27, "6/12/2001",2,11,3),
(28, "6/12/2001",5,2,3),
(29, "6/12/2001",5,3,3),
(30, "6/12/2001",2,6,3),
(31, "6/12/2001",5,7,3),
(32, "6/12/2001",5,8,3),
(33, "6/12/2001",2,4,3),
(34, "6/12/2001",5,9,3),
(35, "6/12/2001",5,1,3),
(36, "19/12/2001",3,4,4),
(37, "19/12/2001",1,12,4),
(38, "19/12/2001",2,5,4),
(39, "19/12/2001",3,2,4),
(40, "19/12/2001",3,10,4),
(41, "19/12/2001",3,2,4),
(42, "19/12/2001",1,12,4),
(43, "19/12/2001",2,4,4),
(44, "19/12/2001",3,8,4),
(45, "19/12/2001",3,11,4),
(46, "19/12/2001",3,9,4),
(47, "19/12/2001",1,12,4),
(48, "23/12/2001",4,11,5),
(49, "23/12/2001",4,5,5),
(50, "23/12/2001",4,10,5),
(51, "23/12/2001",4,7,5),
(52, "23/12/2001",4,12,5),
(53, "23/12/2001",4,8,5),
(54, "23/12/2001",4,11,5),
(55, "23/12/2001",4,9,5),
(56, "23/12/2001",4,10,5),
(57, "23/12/2001",4,2,5),
(58, "23/12/2001",4,12,5),
(59, "23/12/2001",4,9,5),
(60, "8/4/1997",1,12,6),
(61, "8/4/1997",3,8,6),
(62, "8/4/1997",2,11,6),
(63, "8/4/1997",2,3,6),
(64, "8/4/1997",5,8,6),
(65, "8/4/1997",2,5,6),
(66, "8/4/1997",1,12,6),
(67, "8/4/1997",3,4,6),
(68, "8/4/1997",2,10,6),
(69, "8/4/1997",2,5,6),
(70, "8/4/1997",5,8,6),
(71, "8/4/1997",2,9,6),
(72, "26/4/1997",5,11,7),
(73, "26/4/1997",4,12,7),
(74, "26/4/1997",3,3,7),
(75, "26/4/1997",5,4,7),
(76, "26/4/1997",4,10,7),
(77, "26/4/1997",3,7,7),
(78, "26/4/1997",5,6,7),
(79, "26/4/1997",4,10,7),
(80, "26/4/1997",3,3,7),
(81, "26/4/1997",5,8,7),
(82, "26/4/1997",4,11,7),
(83, "26/4/1997",3,9,7),
(84, "19/5/1998",4,2,8),
(85, "19/5/1998",1,7,8),
(86, "19/5/1998",4,4,8),
(87, "19/5/1998",1,5,8),
(88, "19/5/1998",4,12,8),
(89, "19/5/1998",1,4,8),
(90, "19/5/1998",4,5,8),
(91, "19/5/1998",1,6,8),
(92, "19/5/1998",4,8,8),
(93, "19/5/1998",1,8,8),
(94, "19/5/1998",4,4,8),
(95, "19/5/1998",1,3,8),
(96, "27/5/1998",4,11,9),
(97, "27/5/1998",4,5,9),
(98, "27/5/1998",4,12,9),
(99, "27/5/1998",4,3,9),
(100, "27/5/1998",4,10,9),
(101, "27/5/1998",4,7,9),
(102, "27/5/1998",4,11,9),
(103, "27/5/1998",4,4,9),
(104, "27/5/1998",4,9,9),
(105, "27/5/1998",4,4,9),
(106, "27/5/1998",4,8,9),
(107, "27/5/1998",4,9,9),
(108, "15/12/2018",2,2,10),
(109, "15/12/2018",3,1,10),
(110, "15/12/2018",2,1,10),
(111, "15/12/2018",3,2,10),
(112, "15/12/2018",2,4,10),
(113, "15/12/2018",3,12,10),
(114, "15/12/2018",2,8,10),
(115, "15/12/2018",3,9,10),
(116, "15/12/2018",2,5,10),
(117, "15/12/2018",3,6,10),
(118, "15/12/2018",2,8,10),
(119, "15/12/2018",3,7,10),
(120, "24/12/2018",1,2,11),
(121, "24/12/2018",1,12,11),
(122, "24/12/2018",2,3,11),
(123, "24/12/2018",2,2,11),
(124, "24/12/2018",1,4,11),
(125, "24/12/2018",1,11,11),
(126, "24/12/2018",2,3,11),
(127, "24/12/2018",2,4,11),
(128, "24/12/2018",1,6,11),
(129, "24/12/2018",1,9,11),
(130, "24/12/2018",2,7,11),
(131, "24/12/2018",2,3,11),
(132, "29/12/2018",2,5,12),
(133, "29/12/2018",4,5,12),
(134, "29/12/2018",2,3,12),
(135, "29/12/2018",4,9,12),
(136, "29/12/2018",2,2,12),
(137, "29/12/2018",4,12,12),
(138, "29/12/2018",2,11,12),
(139, "29/12/2018",4,10,12),
(140, "29/12/2018",2,4,12),
(141, "29/12/2018",4,2,12),
(142, "29/12/2018",2,4,12),
(143, "29/12/2018",4,9,12),
(144, "24/2/2002",4,4,13),
(145, "24/2/2002",1,1,13),
(146, "24/2/2002",5,1,13),
(147, "24/2/2002",3,2,13),
(148, "24/2/2002",3,6,13),
(149, "24/2/2002",4,11,13),
(150, "24/2/2002",4,4,13),
(151, "24/2/2002",1,5,13),
(152, "24/2/2002",5,7,13),
(153, "24/2/2002",3,8,13),
(154, "24/2/2002",3,6,13),
(155, "24/2/2002",4,11,13),
(156, "19/12/2020",1,3,14),
(157, "19/12/2020",3,6,14),
(158, "19/12/2020",5,2,14),
(159, "19/12/2020",3,4,14),
(160, "19/12/2020",1,3,14),
(161, "19/12/2020",3,4,14),
(162, "19/12/2020",5,6,14),
(163, "19/12/2020",3,7,14),
(164, "19/12/2020",1,8,14),
(165, "19/12/2020",3,12,14),
(166, "19/12/2020",5,11,14),
(167, "19/12/2020",3,9,14),
(168, "28/12/2020",3,5,15),
(169, "28/12/2020",3,2,15),
(170, "28/12/2020",5,11,15),
(171, "28/12/2020",4,6,15),
(172, "28/12/2020",3,5,15),
(173, "28/12/2020",4,10,15),
(174, "28/12/2020",3,4,15),
(175, "28/12/2020",3,3,15),
(176, "28/12/2020",5,10,15),
(177, "28/12/2020",4,5,15),
(178, "28/12/2020",3,11,15),
(179, "28/12/2020",4,12,15),
(180, "25/7/2006",5,7,16),
(181, "25/7/2006",1,12,16),
(182, "25/7/2006",3,9,16),
(183, "25/7/2006",2,2,16),
(184, "25/7/2006",3,8,16),
(185, "25/7/2006",3,5,16),
(186, "25/7/2006",5,11,16),
(187, "25/7/2006",1,12,16),
(188, "25/7/2006",3,10,16),
(189, "25/7/2006",2,8,16),
(190, "25/7/2006",3,6,16),
(191, "25/7/2006",3,4,16);

INSERT INTO PARTITE_NON_UFFICIALI (CodGioco,numeroPartite,CodPadiglione) VALUES (1,22,25),
(3,11,30),
(2,40,12),
(1,21,3),
(3,14,19),
(2,24,7),
(1,37,26),
(2,12,17),
(1,19,5),
(3,34,10),
(3,26,3),
(3,11,5),
(3,14,1),
(1,33,13),
(2,31,24),
(2,35,2),
(1,39,21),
(1,24,24),
(1,12,10),
(1,14,12),
(1,36,30),
(3,20,8),
(3,17,9),
(1,35,15),
(1,33,27),
(2,27,18),
(3,23,24),
(3,37,29),
(2,12,29),
(3,24,23),
(2,32,5),
(1,19,20),
(2,10,27),
(3,36,12),
(2,29,11),
(2,39,6),
(3,19,6),
(2,24,14),
(2,23,4),
(3,24,22),
(3,18,17);

INSERT INTO PEDINE (codPedina, materiale, colore)  VALUES (0, "plastica","blu"), 
(1, "acciaio","rosso"), 
(2, "tungsteno","verde");

INSERT INTO POSSIEDONO (codMateriale, codConcorrente) VALUES (1,9),
(4,18),
(3,16),
(4,31),
(1,31),
(5,5),
(2,28),
(3,37),
(2,37),
(2,4),
(1,36),
(5,22),
(5,31),
(5,40),
(4,20),
(3,12),
(4,15),
(1,6),
(5,2),
(3,9),
(2,39),
(3,1),
(1,27),
(5,34),
(4,22),
(2,25),
(1,2),
(4,17),
(2,9),
(1,22),
(1,12),
(3,15),
(2,6),
(1,38),
(4,13),
(4,16),
(2,36),
(2,35),
(4,34),
(3,35),
(3,17),
(2,21),
(3,13),
(1,20),
(3,38),
(3,40),
(5,15),
(4,11),
(3,31),
(2,12),
(3,26),
(2,17),
(2,34),
(2,13),
(2,24),
(3,32),
(2,7),
(5,18),
(1,19),
(1,37),
(1,28),
(4,5),
(4,3),
(1,3),
(1,30),
(4,9),
(5,1),
(3,21),
(3,7),
(4,33),
(2,26),
(1,10),
(2,30),
(4,12),
(3,6),
(5,4);

INSERT INTO SET_CARTE_BANDITE (dataInizio, dataFine, codCarta) VALUES ("1/1/1990","1/3/1992",1),
("4/6/2000","5/8/2000",5),
("4/6/2000","5/8/2000",10),
("4/6/2000","5/8/2000",11),
("4/6/2000","5/8/2000",21),
("4/6/2000","5/8/2000",4),
("4/6/2000","5/8/2000",2),
("6/3/2001","(8/8/2001",9),
("4/6/2000","5/8/2000",8),
("4/3/2003","7/9/2003",22),
("8/9/2019","3/11/2019",17),
("4/6/2000","5/8/2000",16),
("4/6/2000","5/8/2000",15),
("4/6/2000","5/8/2000",28);

INSERT INTO SITUATI (codGioco, codTerreno) VALUES (1,1), 
(1,2), 
(1,3), 
(2,4), 
(3,5);

INSERT INTO SORVEGLIANO (turnoDiLavoro, CodiceBadge, IdFiera) VALUES ("4/12/1990",16,1), 
("5/1/1991",18,1), 
("1/1/2002",17,2), 
("20/4/1997",17,3), 
("1/5/1997",19,3), 
("9/5/1998",18,4), 
("7/6/1998",19,4), 
("15/12/2018",20,5), 
("10/2/2019",17,5),
("8/2/2002",18,6), 
("19/12/2020",19,7), 
("1/8/2006",20,8), 
("19/7/2006",19,8);

INSERT INTO STANDS (codStand, nome, idFiera, CodiceBadge) VALUES (0, "AbS",1,6),
(1, "Standg",1,7),
(2, "GameS",2,10),
(3, "StandsGame",3,8),
(4, "TableGS",3,9),
(5, "gSt",4,9),
(6, "JVF",4,6),
(7, "Gamert",5,7),
(8, "IDRstand",6,10),
(9, "KMDgame",7,8),
(10, "gAmSTa",7,8),
(11, "LkiGames",8,9),
(12, "MAtstands",8,6);

INSERT INTO TERRENI (codTerreno, descrizione) VALUES (0, "Tutti i mostri perdono 500 punti di attacco"),
(1, "Tutte le magie hanno costo raddoppiato"),
(2, "Tutti i mostri perdono 500 punti di difesa"),
(3, "Ogni volta che esce un 6 si pescano 2 carte"),
(4, "Se il numero ottenuto dal dado è pari, allora lo si può raddoppiare ");

INSERT INTO TORNEI (IdTorneo, dataTorneo,CodGioco,IdFiera,nomeTorneo,numeroSpettatori,numeroPartecipanti) VALUES (0, "10/12/1990",3,1,"ipsum",63,7),
(1, "19/12/1990",1,1,"imperdiet",75,10),
(2, "6/12/2001",1,2,"Morbi",48,7),
(3, "19/12/2001",1,2,"Nullam",86,8),
(4, "23/12/2001",3,2,"luctus",61,10),
(5, "8/4/1997",1,3,"fringilla.",50,9),
(6, "26/4/1997",1,3,"egestas",42,9),
(7, "19/5/1998",1,4,"ipsum",54,9),
(8, "27/5/1998",1,4,"et,",76,8),
(9, "15/12/2018",1,5,"diam.",57,9),
(10, "24/12/2018",1,5,"Mauris",68,6),
(11, "29/12/2018",3,5,"sagittis",52,8),
(12, "24/2/2002",1,6,"urna.",67,10),
(13, "19/12/2020",1,7,"scelerisque",50,6),
(14, "28/12/2020",2,7,"Quisque",84,10),
(15, "25/7/2006",1,8,"Quisque",39,8);

Insert into VENDITE(codVendita,dataVendita,codStand,prezzoTotale) VALUES (100,"2/12/1990",1,300),
(101,"8/12/1990",1,250),
(102,"10/12/1990",1,69),
(103,"21/12/1990",1,345),
(104,"22/12/1990",1,129),
(200,"25/12/1990",2,256),
(201,"12/1/1991",2,389),
(202,"23/1/1991",2,2123),
(203,"23/1/1991",2,357),
(300,"13/12/2001",3,55),
(301,"15/12/2001",3,65),
(302,"20/12/2001",3,986),
(303,"25/12/2001",3,545),
(304,"23/1/2002",3,534),
(305,"1/2/2002",3,523),
(400,"8/4/1997",4,345),
(401,"18/4/1997",4,50),
(402,"21/4/1997",4,234),
(500,"25/4/1997",5,20),
(502,"1/5/1997",5,78),
(503,"6/5/1997",5,433),
(600,"2/5/1998",6,43),
(601,"7/5/1998",6,543),
(602,"12/5/1998",6,768),
(603,"21/5/1998",6,543),
(604,"22/5/1998",6,7567),
(700,"29/5/1998",7,543),
(701,"1/6/1998",7,345),
(702,"2/6/1998",7,24),
(703,"5/6/1998",7,545),
(800,"15/12/2018",8,234),
(801,"17/12/2018",8,4324),
(802,"20/12/2018",8,986),
(803,"2/1/2019",8,435),
(804,"22/2/2019",8,534),
(900,"6/2/2002",9,23),
(901,"9/2/2002",9,65),
(902,"12/2/2002",9,934),
(903,"20/2/2002",9,545),
(904,"23/2/2002",9,435),
(905,"28/2/2002",9,864),
(906,"1/3/2002",9,257),
(1000,"19/12/2020",10,234),
(1001,"20/12/2020",10,4324),
(1002,"1/1/2021",10,986),
(1100,"20/12/2020",11,545),
(1101,"23/12/2020",11,435),
(1102,"28/12/2020",11,864),
(1103,"18/1/2021",11,257),
(1200,"18/7/2006",12,789),
(1201,"23/7/2006",12,321),
(1202,"18/8/2006",12,986),
(1300,"29/7/2006",13,3432),
(1301,"6/8/2006",13,832),
(1302,"11/8/2006",13,564);

INSERT INTO VEN_GIOCHI(codGioco, CodStand, CodVendita, quantitaGiochiSelezionati) VALUES (1,1,100,4),
(3,1,101,1),
(3,1,102,2),
(1,2,200,2),
(2,2,201,1),
(2,3,300,6),
(2,3,301,1),
(1,4,400,10),
(1,5,500,3),
(1,5,501,2),
(3,6,600,4),
(3,6,601,5),
(3,6,602,3),
(1,6,603,2),
(1,7,700,3),
(3,7,701,1),
(2,8,800,1),
(3,8,801,2),
(1,8,802,1),
(2,9,900,2),
(2,9,901,2),
(1,9,902,5),
(3,10,1000,1),
(2,11,1100,6),
(1,11,1101,4),
(3,12,1200,3),
(1,13,1300,5),
(3,13,1301,1);

INSERT INTO VEN_MATERIALI(CodStand, codMateriale, CodVendita, quantitaMaterialiSelezionati) VALUES (1,10,104,2),
(1,2,105,5),
(2,5,203,6),
(2,7,204,1),
(3,9,303,2),
(3,8,304,5),
(3,10,305,2),
(3,6,306,5),
(4,7,401,6),
(4,8,402,4),
(5,3,502,3),
(6,1,605,8),
(7,9,703,2),
(7,4,704,3),
(8,1,803,5),
(8,4,804,2),
(9,3,304,4),
(9,5,305,6),
(9,2,306,3),
(9,10,307,9),
(10,7,1001,8),
(10,3,1002,5),
(11,10,1103,9),
(11,2,1104,2),
(12,8,1201,9),
(12,1,1202,2),
(13,6,1302,9);
